label,text
product, از کجا می‌توانم برای کالا تهیه کنم؟
product, قیمت این کالا برای هتل چقدر است؟
product, آیا امکان خرید عمده کالا  وجود دارد؟
product, موجودی فعلی این کالا  چقدر است؟
product, آیا می‌توانم سفارش کالا را لغو کنم؟
product, وضعیت سفارش کالای را چطور پیگیری کنم؟
product, برای این کالا تخفیف هتلی دارید؟
product, کیفیت این کالا برای استفاده در هتل چگونه است؟
product, آیا این کالا برای استفاده در اتاق‌های هتل مناسب است؟
product, آیا امکان خرید فوری کالا  هست؟
product, چه کالای جایگزینی برای این کالا پیشنهاد می‌دهید؟
product, چگونه مطمئن شوم کالا اصل است؟
product, این کالا گارانتی دارد؟
product, شرایط بازگشت کالا چیست؟
product, آیا امکان تست کالا قبل از خرید وجود دارد؟
product, هزینه حمل این کالا چقدر است؟
product, چه تعداد از این کالا می‌توانم یکجا سفارش دهم؟
product, آیا این کالا برای رستوران  مناسب است؟
product, آیا کالا برای لاندری هتل قابل استفاده است؟
product, چطور می‌توانم کاتالوگ کالاهای هتلی را ببینم؟
product, آیا کالا ضدآب و ضد رطوبت است؟
product, آیا قیمت این کالا برای هتل‌ها متفاوت است؟
product, چه برندهایی از این کالا دارید؟
product, آیا این کالا برای هتل‌های ۵ ستاره مناسب است؟
product, زمان تحویل کالا  چقدر است؟
product, موجودی انبار شما از این کالا کافی است؟
product, آیا امکان بازدید حضوری برای بررسی کالا هست؟
product, آیا این کالا در رنگ‌های مختلف موجود است؟
product, آیا کالای مصرفی برای اتاق‌ها دارید؟
product, این کالا برای سالن کنفرانس  مناسب است؟
product, محصول مناسب نظافت اتاق‌ها چیست؟
product, برای SPA هتل چه کالاهایی پیشنهاد می‌کنید؟
product, آیا محصولات یک‌بارمصرف هتلی دارید؟
product, چطور کالا را با لوگوی هتل سفارشی‌سازی کنیم؟
product," برای خرید تعداد زیاد، قیمت کمتر می‌شود؟"
product, آیا این کالا برای استفاده طولانی مناسب است؟
product, چه مدل‌های اقتصادی‌تر از این کالا دارید؟
product, برای این کالا بسته‌بندی اختصاصی دارید؟
product, آیا کالا از مواد ضد حساسیت ساخته شده؟
product, آیا تحویل سریع برای این کالا دارید؟
product, این کالا برای میهمانان خارجی مناسب است؟
product, آیا کالای سازگار با محیط‌زیست دارید؟
product, چطور بهترین کالا را برای هتل انتخاب کنم؟
product, آیا کالا دارای استاندارد بین‌المللی است؟
product, این کالا در انبار هتل ثبت شده است؟
product, موجودی انبار هتل برای این کالا چقدر است؟
product, چه تعداد کالا از انبار خارج شده؟
product, آیا این کالا به بخش خانه‌داری ارسال شده؟
product, چه کالایی امروز وارد انبار شده؟
product, کالای آسیب‌دیده چطور ثبت می‌شود؟
product, چه کالایی نیاز به سفارش مجدد دارد؟
product, کالای برگشتی از اتاق‌ها ثبت شده؟
product, چطور کالای مرجوعی را پردازش کنیم؟
product, زمان رسیدن بار به هتل چه زمانی است؟
product, بار امشب به هتل می‌رسد؟
product, پیک کالا چه زمانی می‌رسد؟
product, چه کسی تحویل بار را ثبت کرده؟
product, بسته‌بندی کالا برای انبار مناسب است؟
product, کالای شکستنی چگونه باید حمل شود؟
product, آیا کالا رسید انبار دارد؟
product, چطور حواله خروج کالا صادر کنم؟
product, انتقال کالا بین انبارهای هتل چگونه انجام می‌شود؟
product, کالا در مسیر حمل آسیب دیده؟
product, گزارش کمبود کالا ارسال شده؟
product, آیا کالا نیاز به شرایط دمایی خاص دارد؟
product, کالا در سردخانه موجود است؟
product, آیا امکان انبارگردانی امروز وجود دارد؟
product, زمان دقیق تحویل کالا چه ساعتی است؟
product, آیا کالا هنوز در انبار مرکزی است؟
product, این کالا در مسیر ارسال گم نشده؟
product, وضعیت بسته‌بندی کالا استاندارد است؟
product, آیا کالا بیمه حمل دارد؟
product, حمل کالا با وانت انجام می‌شود؟
product, کالا در چه مرحله‌ای از ارسال است؟
product, آیا لازم است پک جدید برای کالا تهیه کنیم؟
product, آیا کالا دیرتر از موعد رسیده؟
product, هزینه انبارداری برای این کالا چقدر است؟
product, بارگیری کالا چه زمانی انجام می‌شود؟
product, کالای آسیب‌دیده قابل تعویض است؟
product, وزن محموله چقدر است؟
product, برای این کالا لیبل جدید لازم است؟
product, کالا به بخش رستوران هتل ارسال شده؟
product, چطور مشکل تأخیر در تحویل را حل کنیم؟
product, کالا با چه نوع وسیله نقلیه حمل می‌شود؟
product, آیا ارسال کالا به شعبه دیگر ممکن است؟
product, چند بسته از این کالا تحویل گرفته شده؟
product, وضعیت کالا در بخش کنترل کیفیت چیست؟
product, آیا این کالا برای انبار بلندمدت مناسب است؟
product, بسته‌بندی کالای فاسدشدنی مناسب است؟
product, امکان ردیابی زنده محموله وجود دارد؟
product, کالای گمشده پیدا شده یا هنوز نامشخص است؟
product, چه مقدار لوازم مصرفی اتاق باقی مانده؟
product, آب معدنی برای اتاق‌ها موجود است؟
product, آیا حوله‌های تمیز در انبار موجود است؟
product, آیا دمپایی هتلی تمام شده؟
product, آیا سرویس بهداشتی‌ها کمبود دارند؟
product, آیا شکر تک‌نفره موجود دارید؟
product, آیا کالاهای اتاق‌های کنفرانس آماده‌اند؟
product, آیا ملحفه‌های جدید موجود هستند؟
product, آیا میزبانان VIP کالاهای ویژه نیاز دارند؟
product, آیا وسایل نظافت شارژ شده‌اند؟
product, بالش‌های اضافی کافی داریم؟
product, بخش SPA به چه کالاهایی نیاز دارد؟
product, برای حمام چه کالاهایی سفارش دهیم؟
product, برای خانه‌داری چه کالایی باید تهیه شود؟
product, برای مینی‌بار چه کالاهایی لازم است؟
product, بسته خوشامدگویی آماده است؟
product, بسته لوازم بهداشتی ویژه بانوان دارید؟
product, بسته لوازم بهداشتی ویژه کودکان دارید؟
product, بسته‌های پذیرایی اتاق آماده شده‌اند؟
product, پتوهای اضافه در انبار هستند؟
product, پک مسافرتی برای میهمانان دارید؟
product, تنقلات مینی‌بار کافی است؟
product, چای کیسه‌ای نیاز به سفارش دارد؟
product, چه تعداد بطری آب برای طبقه پنجم لازم است؟
product, حوله استخر موجود است؟
product, دستگاه‌های اتاق نیاز به فیلتر دارند؟
product, دستمال کاغذی برای اتاق‌ها کافی است؟
product, دمپایی‌های یک‌بارمصرف کم شده؟
product, رستوران نیاز به دستکش یک‌بارمصرف دارد؟
product, رستوران هتل کمبود مواد اولیه دارد؟
product, سرویس بهداشتی نیاز به شارژ دارد؟
product, شارژرهای هتلی برای پذیرش موجود است؟
product, شامپو و صابون چه زمانی تأمین می‌شود؟
product, عطر محیطی لابی موجود است؟
product, قهوه و چای چه زمانی شارژ می‌شود؟
product, کالاهای صبحانه چقدر موجود است؟
product, کالاهای مخصوص حیوانات خانگی دارید؟
product, کالاهای مصرفی سالن ورزشی موجود است؟
product, کالای سبز و دوستدار محیط زیست دارید؟
product, کالای مخصوص سوئیت‌ها در انبار هست؟
product, کیسه رخت چرک در انبار هست؟
product, لوازم سرویس غذا کافی است؟
product, لیوان‌های یک‌بارمصرف موجودند؟
product, مسواک و خمیردندان هتلی موجود است؟
product, ملحفه‌های VIP آماده هستند؟
product, مواد شوینده برای لاندری موجود است؟
product, نوشابه‌ها و آبمیوه‌ها کم نشده‌اند؟
product, نوشیدنی‌های بار کافی است؟
product, هدایا و سوغاتی‌های هتلی موجود هستند؟
product, آیا بسته‌های بهداشتی اتاق تکمیل شده‌اند؟
product, آیا امکان ارسال شبانه هست؟
product, آیا امکان ارسال فوری کالا وجود دارد؟
product, آیا امکان بازگشت وجه کالا هست؟
product, آیا امکان پرداخت قسطی هست؟
product, آیا امکان ثبت شکایت وجود دارد؟
product, آیا امکان خرید با قرارداد سالانه وجود دارد؟
product, آیا امکان ذخیره‌سازی بلندمدت این کالا هست؟
product, آیا این کالا با اتاق‌های نوساز سازگار است؟
product, آیا این کالا قابل تعمیر است؟
product, آیا برای هتل‌های زنجیره‌ای تخفیف دارید؟
product, آیا کالا از برند معتبر تأمین می‌شود؟
product, آیا کالا مطابق استاندارد بهداشت هتل است؟
product, آیا کالای خاص برای جشنواره دارید؟
product, برای این کالا تاریخ انقضا مهم است؟
product, برای بازدیدکنندگان خارجی چه کالاهایی لازم است؟
product, بسته اقتصادی برای اتاق‌های ارزان دارید؟
product, بسته خوشامدگویی مدیران آماده است؟
product," بسته‌بندی کالا باز شده بود، چه کنم؟"
product, پرونده مرجوعی بسته شده یا باز است؟
product, تاریخ تولید کالا چقدر اهمیت دارد؟
product, چطور کیفیت این کالا را ارزیابی کنیم؟
product, چه زمانی کالا دوباره موجود می‌شود؟
product, چه کالایی بیشترین مصرف را در هتل دارد؟
product, چه کسی مسئول تأخیر کالا است؟
product, حمل‌ونقل این کالا امن است؟
product, زمان تسویه کالای تحویلی کی است؟
product, سفارش بزرگ هتل چه زمانی آماده می‌شود؟
product, سفارش قبلی با تأخیر رسید؟
product, طرح چاپ لوگوی هتل روی کالا امکان‌پذیر است؟
product, فاکتور خرید کالا را چطور دریافت کنم؟
product, کالا با چه مدل پرداختی ارزان‌تر می‌شود؟
product, کالا برای بخش VIP دیر تحویل شده؟
product, کالا برای کارمندان هتل چیست؟
product, کالا در صف تأمین قرار دارد؟
product, کالا در لیست خرید ماهانه ثبت شده؟
product, کالای خراب شده چطور ثبت می‌شود؟
product," کالای دریافتی آسیب‌دیده، امکان تعویض هست؟"
product," کالای دریافتی با سفارش هماهنگ نبود، چه کنم؟"
product, کالای سفارش داده‌شده اشتباه ارسال شده؟
product, کالای سفارشی‌سازی‌شده چه زمانی تحویل می‌شود؟
product, کالای قدیمی باید دور ریخته شود؟
product, کالای گران‌قیمت نیاز به بیمه دارد؟
product, کالای مخصوص مراسم عروسی دارید؟
product, گزارش کامل کالا را می‌توانم دریافت کنم؟
product, گزارش موجودی کالا آماده شده؟
product, موجودی این کالا برای مراسم کافی است؟
product, هدیه ویژه برای مهمانان VIP چیست؟
product, هزینه تعمیر کالای خراب چقدر است؟
product, هزینه کل خرید کالا چقدر شده؟
product, وضعیت پرداخت کالای قبلی مشخص شده؟
supplier , تأمین‌کننده این کالا چه کسی است؟
supplier , چه تفاوتی بین تأمین‌کننده داخلی و خارجی وجود دارد؟
supplier , آیا تأمین‌کننده به‌موقع پاسخ می‌دهد؟
supplier , شرایط قرارداد با تأمین‌کننده چیست؟
supplier , آیا تأمین‌کننده قرارداد رسمی ارائه می‌دهد؟
supplier , چه بندهای حقوقی باید در قرارداد تأمین‌کننده باشد؟
supplier , دوره قرارداد تأمین‌کننده چقدر است؟
supplier , آیا می‌توان قرارداد را فسخ کرد؟
supplier , آیا تأمین‌کننده تعهد تأمین مستمر می‌دهد؟
supplier , آیا تأمین‌کننده بیمه مسئولیت دارد؟
supplier , آیا تأمین‌کننده تعهد زمان تحویل دارد؟
supplier , جریمه تأخیر تأمین‌کننده چیست؟
supplier , کدام تأمین‌کننده سریع‌ترین زمان تحویل را دارد؟
supplier , آیا تأمین‌کننده قرارداد محرمانگی امضا می‌کند؟
supplier , آیا امکان مذاکره درباره شروط قرارداد هست؟
supplier , آیا قرارداد تأمین‌کننده قابل تمدید است؟
supplier , آیا تأمین‌کننده گارانتی بازگشت پول دارد؟
supplier , آیا تأمین‌کننده در قرارداد کیفیت را تضمین می‌کند؟
supplier , شرایط حل اختلاف با تأمین‌کننده چیست؟
supplier , آیا قرارداد دیجیتال قابل قبول است؟
supplier , آیا تأمین‌کننده نیاز به وثیقه دارد؟
supplier , آیا قرارداد تأمین‌کننده شامل خدمات پس از فروش است؟
supplier , مسئولیت خرابی کالا بر عهده کیست؟
supplier , چه نوع کالاهایی را تأمین‌کننده شما ارائه می‌دهد؟
supplier , آیا تأمین‌کننده مجوز قانونی دارد؟
supplier , آیا تأمین‌کننده مالیات پرداخت می‌کند؟
supplier , آیا تأمین‌کننده قوانین صادرات رعایت می‌کند؟
supplier , آیا تأمین‌کننده استانداردهای بین‌المللی رعایت می‌کند؟
supplier , نحوه ثبت شکایت رسمی چگونه است؟
supplier , آیا تأمین‌کننده اسناد حمل ارائه می‌دهد؟
supplier , آیا تأمین‌کننده SLA دارد؟
supplier , آیا تأمین‌کننده KPI دارد؟
supplier , آیا تأمین‌کننده تعهد تحویل فوری می‌دهد؟
supplier , آیا تأمین‌کننده خدمات انبارداری هم دارد؟
supplier , چطور می‌توانم با تأمین‌کننده ارتباط مستقیم بگیرم؟
supplier , آیا تأمین‌کننده بیمه مسئولیت کالا دارد؟
supplier , چگونه با تأمین‌کننده تماس بگیرم؟
supplier , ساعات پاسخگویی تأمین‌کننده چیست؟
supplier , آیا تأمین‌کننده پشتیبانی ۲۴ساعته دارد؟
supplier , آیا می‌توانم با کارشناس تأمین‌کننده صحبت کنم؟
supplier , آیا تأمین‌کننده پشتیبانی آنلاین دارد؟
supplier , چطور وضعیت سفارش را از تأمین‌کننده بپرسم؟
supplier , آیا تأمین‌کننده واتساپ یا تلگرام دارد؟
supplier , آیا تأمین‌کننده ایمیل فعال دارد؟
supplier , آیا تأمین‌کننده شماره مستقیم دارد؟
supplier , آیا تأمین‌کننده این کالا را به‌صورت عمده می‌فروشد؟
supplier , آیا تأمین‌کننده نماینده فروش دارد؟
supplier , آیا تأمین‌کننده جلسه حضوری می‌گذارد؟
supplier , آیا می‌توانم از تأمین‌کننده بازدید کنم؟
supplier , آیا تأمین‌کننده خدمات مشاوره می‌دهد؟
supplier , آیا تأمین‌کننده بروشور یا کاتالوگ دارد؟
supplier , آیا تأمین‌کننده آموزش استفاده از کالا می‌دهد؟
supplier , آیا تأمین‌کننده برنامه وفاداری دارد؟
supplier , آیا تأبین‌کننده امکان ارسال گزارش عملکرد ماهانه دارد؟
supplier , آیا تأمین‌کننده پاسخگویی سریع دارد؟
supplier , آیا تأمین‌کننده تیم تخصصی پشتیبانی دارد؟
supplier , آیا می‌توان تأمین‌کننده را تغییر داد؟
supplier , آیا تأمین‌کننده امکان ملاقات آنلاین دارد؟
supplier , چطور تأمین‌کننده فعلی را تغییر دهم؟
supplier , چه زمانی باید تأمین‌کننده را عوض کرد؟
supplier , چطور عملکرد تأمین‌کننده را ارزیابی کنم؟
supplier , ریسک همکاری با این تأمین‌کننده چیست؟
supplier , آیا تأمین‌کننده پایداری در تأمین دارد؟
supplier ," اگر تأمین‌کننده ورشکست شود، چه می‌شود؟"
supplier , آیا تأمین‌کننده ظرفیت تولید کافی دارد؟
supplier , آیا تأمین‌کننده سیستم مدیریت انبار دارد؟
supplier , آیا تأمین‌کننده برنامه تولید دارد؟
supplier , آیا این محصول چند تأمین‌کننده دارد؟
supplier , آیا تأمین‌کننده می‌تواند سفارش‌های ناگهانی انجام دهد؟
supplier , آیا تأمین‌کننده امکان شخصی‌سازی محصولات دارد؟
supplier , آیا تأمین‌کننده فناوری RFID دارد؟
supplier , آیا تأمین‌کننده از سیستم ERP استفاده می‌کند؟
supplier , آیا تأمین‌کننده سازگاری با محیط‌زیست دارد؟
supplier , آیا تأمین‌کننده گزارش پسماند ارائه می‌دهد؟
supplier , آیا تأمین‌کننده انرژی سبز مصرف می‌کند؟
supplier , آیا تأمین‌کننده صادرات محصولات انجام می‌دهد؟
supplier , آیا تأمین‌کننده امکان تأمین چندمحصولی دارد؟
supplier , آیا تأمین‌کننده بسته‌بندی اختصاصی می‌دهد؟
supplier , اطلاعات تماس تأمین‌کننده چیست؟
supplier ," اگر تأمین‌کننده کالا اشتباه بفرستد، چه کنیم؟"
supplier , آیا می‌توانم چند تأمین‌کننده هم‌زمان داشته باشم؟
supplier , آیا تأمین‌کننده امکان افزایش ناگهانی تولید دارد؟
supplier , آیا تأمین‌کننده سابقه قطع ارسال دارد؟
supplier , آیا تأمین‌کننده خدمات پس از فروش دارد؟
supplier , آیا تأمین‌کننده اقلام کم‌یاب تأمین می‌کند؟
supplier , آیا تأمین‌کننده تأمین اضطراری انجام می‌دهد؟
supplier , آیا تأمین‌کننده امکان نگهداری کالا به‌جای ما دارد؟
supplier , آیا تأمین‌کننده سیستم ردیابی محموله دارد؟
supplier , آیا تأمین‌کننده شرایط بازگشت کالا دارد؟
supplier , تأمین‌کننده این کالا چه ضمانتی می‌دهد؟
supplier , آیا تأمین‌کننده رفتار حرفه‌ای دارد؟
supplier , آیا تأمین‌کننده وضعیت موجودی لحظه‌ای می‌دهد؟
supplier , آیا تأمین‌کننده نرم‌افزار سفارش‌دهی دارد؟
supplier , آیا تأمین‌کننده اپلیکیشن دارد؟
supplier , آیا تأمین‌کننده سیستم اتوماسیون دارد؟
supplier , آیا تأمین‌کننده اعتمادی است؟
supplier , آیا تأمین‌کننده قرارداد انحصاری دارد؟
supplier , آیا تأمین‌کننده مواد اولیه خاص ارائه می‌دهد؟
supplier , آیا تأمین‌کننده امکان تست کیفیت دارد؟
supplier , آیا تأمین‌کننده خدمات همسان‌سازی قیمت دارد؟
supplier , آیا تأمین‌کننده شما مجوز رسمی دارد؟
supplier , آیا تأمین‌کننده هشدار کمبود موجودی می‌دهد؟
supplier , آیا تأمین‌کننده گزارش ماهانه فروش می‌دهد؟
supplier , آیا تأمین‌کننده هزینه اضافه برای سفارش شبانه می‌گیرد؟
supplier , آیا تأمین‌کننده کالا را در حجم‌های مختلف عرضه می‌کند؟
supplier , آیا تأمین‌کننده تیم لجستیک داخلی دارد؟
supplier , آیا تأمین‌کننده امکان تحویل در طبقات هتل دارد؟
supplier , آیا تأمین‌کننده قرارداد پشتیبانی دائمی دارد؟
supplier , آیا تأمین‌کننده سرویس تعمیر کالا دارد؟
supplier , آیا تأمین‌کننده می‌تواند کالا را بسته‌بندی برند ما بزند؟
supplier , آیا تأمین‌کننده سیستم هشدار تأخیر دارد؟
supplier , چطور می‌توانم یک تأمین‌کننده مطمئن پیدا کنم؟
supplier , چگونه می‌توانم یک تأمین‌کننده جدید ثبت کنم؟
supplier , چطور می‌توانم بهترین تأمین‌کننده را انتخاب کنم؟
supplier , قیمت تأمین‌کننده برای این کالا چقدر است؟
supplier , آیا تأمین‌کننده تخفیف می‌دهد؟
supplier , چطور می‌توانم از تأمین‌کننده قیمت به‌روز بگیرم؟
supplier , تفاوت قیمت بین تأمین‌کنندگان مختلف چیست؟
supplier , آیا امکان مذاکره با تأمین‌کننده برای قیمت وجود دارد؟
supplier , شرایط پرداخت به تأمین‌کننده چگونه است؟
supplier , آیا تأمین‌کننده پرداخت قسطی قبول می‌کند؟
supplier , آیا تأمین‌کننده برای خرید عمده قیمت پایین‌تر می‌دهد؟
supplier , آیا فاکتور رسمی از تأمین‌کننده دریافت می‌کنم؟
supplier , بهترین تأمین‌کننده برای این محصول کدام است؟
supplier , هزینه حمل‌ونقل به عهده تأمین‌کننده است؟
supplier , قیمت‌گذاری تأمین‌کننده بر چه اساسی است؟
supplier , آیا مالیات بر ارزش افزوده توسط تأمین‌کننده اعمال می‌شود؟
supplier , آیا می‌توان از چند تأمین‌کننده استعلام قیمت گرفت؟
supplier , چطور قیمت چند تأمین‌کننده را مقایسه کنم؟
supplier , آیا تأمین‌کننده هزینه بسته‌بندی جداگانه می‌گیرد؟
supplier , آیا تأمین‌کننده برای هتل‌ها قیمت ویژه دارد؟
supplier , آیا تأمین‌کننده حداقل مبلغ خرید تعیین کرده؟
supplier , آیا تأمین‌کننده هزینه انبارداری دریافت می‌کند؟
supplier , آیا تأمین‌کننده خط اعتباری ارائه می‌دهد؟
supplier , آیا می‌توانید لیست تأمین‌کنندگان معتبر این حوزه را بدهید؟
supplier ," آیا برای خرید زیاد، تأمین‌کننده قرارداد بلندمدت می‌بندد؟"
supplier , کیفیت کالاهای تأمین‌کننده چطور ارزیابی می‌شود؟
supplier , آیا تأمین‌کننده استانداردهای بهداشتی دارد؟
supplier , آیا تأمین‌کننده گارانتی کیفیت ارائه می‌دهد؟
supplier , چطور می‌توان کیفیت تأمین‌کننده را مقایسه کرد؟
supplier , آیا تأمین‌کننده امکان ارائه نمونه دارد؟
supplier , آیا تأمین‌کننده کالاهای تقلبی ارائه می‌دهد؟
supplier , استاندارد بسته‌بندی تأمین‌کننده چیست؟
supplier , آیا تأمین‌کننده گواهی‌نامه ISO دارد؟
supplier , آیا کیفیت کالاها توسط تیم شما تأیید شده؟
supplier , چه معیارهایی برای انتخاب تأمین‌کننده مناسب وجود دارد؟
supplier , آیا تأمین‌کننده سابقه مشکل در کیفیت داشته؟
supplier , چطور می‌توان گزارش کیفیت تأمین‌کننده را دید؟
supplier , آیا تأمین‌کننده کالای فاسدشدنی را استاندارد حفظ می‌کند؟
supplier , شرایط نگهداری کالا در انبار تأمین‌کننده چگونه است؟
supplier , آیا تأمین‌کننده کالای مشابه ارائه می‌دهد؟
supplier , آیا تأمین‌کننده امکان تعویض کالا دارد؟
supplier , آیا تأمین‌کننده کالاهای ارگانیک دارد؟
supplier , آیا تأمین‌کننده کالای لوکس تأمین می‌کند؟
supplier , آیا تأمین‌کننده کنترل کیفیت دوره‌ای دارد؟
supplier , آیا تأمین‌کننده سابقه تخلف دارد؟
supplier , تأمین‌کننده پیشنهادی شما برای هتل چیست؟
supplier , آیا تأمین‌کننده بیمه کیفیت ارائه می‌دهد؟
supplier , زمان تحویل تأمین‌کننده چقدر است؟
supplier , آیا تأمین‌کننده ارسال سریع دارد؟
supplier , آیا تأمین‌کننده ارسال رایگان ارائه می‌دهد؟
supplier , چطور می‌توانم وضعیت ارسال تأمین‌کننده را پیگیری کنم؟
supplier ," اگر تأمین‌کننده تأخیر کند، چه می‌شود؟"
supplier , آیا تأمین‌کننده امکان ارسال به شهرهای دور دارد؟
supplier , آیا ارسال توسط خود تأمین‌کننده انجام می‌شود؟
supplier , آیا امکان انتخاب روش ارسال وجود دارد؟
supplier , آیا تأمین‌کننده کالا را بیمه می‌کند؟
supplier , چطور از اعتبار تأمین‌کننده مطمئن شوم؟
supplier ," اگر کالا حین حمل آسیب ببیند، مسئولیت با کیست؟"
supplier , آیا تأمین‌کننده بسته‌بندی مقاوم ارائه می‌دهد؟
supplier , آیا تأمین‌کننده ارسال شبانه‌روزی دارد؟
supplier , آیا تأمین‌کننده حمل تخصصی برای کالاهای حساس دارد؟
supplier , آیا تأمین‌کننده امکان پیگیری لحظه‌ای دارد؟
supplier , آیا تأمین‌کننده ارسال بین‌المللی انجام می‌دهد؟
supplier , آیا تأمین‌کننده امکان تحویل در هتل دارد؟
supplier , آیا تأمین‌کننده ارسال در همان روز دارد؟
supplier , آیا تأمین‌کننده هزینه حمل جداگانه دریافت می‌کند؟
supplier , آیا تأمین‌کننده امکان زمان‌بندی تحویل دارد؟
supplier , آیا در شهر من تأمین‌کننده فعال دارید؟
supplier , چه زمانی تأمین‌کننده سفارشات را ارسال می‌کند؟
supplier , سابقه کاری تأمین‌کننده چقدر است؟
supplier , آیا تأمین‌کننده خوش‌سابقه است؟
supplier , آیا کاربران از این تأمین‌کننده راضی هستند؟
supplier , آیا تأمین‌کننده امتیاز کیفیت دارد؟
supplier , آیا تأمین‌کننده سابقه همکاری با هتل‌ها دارد؟
supplier , آیا تأمین‌کننده شکایت زیادی داشته؟
supplier , آیا تأمین‌کننده قرارداد بلندمدت می‌پذیرد؟
supplier , آیا تأمین‌کننده خوش‌قول است؟
supplier , آیا تأمین‌کننده تامین پایدار دارد؟
supplier , تأمین‌کنندگان محلی را چطور پیدا کنم؟
supplier , آیا تأمین‌کننده سابقه قطع همکاری دارد؟
supplier , آیا می‌توان گزارش عملکرد تأمین‌کننده را دید؟
supplier , آیا تأمین‌کننده برند معروف است؟
supplier , آیا تأمین‌کننده کارنامه مالی سالم دارد؟
supplier , آیا تأمین‌کننده تنوع کالا دارد؟
supplier , حجم فروش تأمین‌کننده چقدر است؟
supplier , آیا تأمین‌کننده تجهیزات کافی دارد؟
supplier , آیا تأمین‌کننده از فناوری‌های جدید استفاده می‌کند؟
supplier , آیا تأمین‌کننده فروش آنلاین دارد؟
supplier , تأمین‌کننده مواد غذایی هتل کیست؟
supplier , چه تفاوتی بین تأمین‌کننده داخلی و خارجی هتل وجود دارد؟
supplier , آیا پاسخگویی تأمین‌کننده سریع است؟
supplier , کدام تأمین‌کننده سریع‌ترین زمان تحویل دارد؟
supplier , تأمین‌کننده کالاهای پذیرایی صبحانه هتل کیست؟
supplier , آیا امکان تماس مستقیم با تأمین‌کننده وجود دارد؟
supplier , تأمین‌کننده کالاهای مصرفی اتاق‌ها چه کسی است؟
supplier , آیا می‌توان تأمین‌کننده موجود را تغییر داد؟
supplier , آیا کالای اتاق‌ها توسط چند تأمین‌کننده ارائه می‌شود؟
supplier , اطلاعات تماس تأمین‌کننده رستوران چیست؟
supplier , تأمین‌کننده محصولات بهداشتی هتل چه ضمانتی دارد؟
supplier , آیا تأمین‌کننده تجهیزات لابی مجوز دارد؟
supplier , چطور می‌توانم تأمین‌کننده تجهیزات اتاق‌ها را پیدا کنم؟
supplier , چگونه می‌توان تأمین‌کننده جدید برای هتل ثبت کرد؟
supplier , قیمت تأمین‌کننده مواد غذایی هتل چقدر است؟
supplier , آیا تأمین‌کننده رستوران هتل تخفیف می‌دهد؟
supplier , چطور می‌توانم از تأمین‌کننده قیمت روز دریافت کنم؟
supplier , تفاوت قیمت تأمین‌کنندگان برای هتل چیست؟
supplier , آیا می‌توان با تأمین‌کننده مذاکره کرد؟
supplier , شرایط پرداخت به تأمین‌کننده هتل چگونه است؟
supplier , آیا امکان پرداخت اقساطی برای خرید از تأمین‌کننده وجود دارد؟
supplier , آیا خرید عمده از تأمین‌کننده هتل ارزان‌تر است؟
supplier , آیا فاکتور رسمی از تأمین‌کننده دریافت می‌کنم؟
supplier , بهترین تأمین‌کننده برای محصولات خانه‌داری هتل کدام است؟
supplier , هزینه ارسال کالا به هتل به عهده کیست؟
supplier , قیمت‌گذاری تأمین‌کننده بر چه اساسی است؟
supplier , آیا مالیات بر ارزش افزوده اعمال می‌شود؟
supplier , می‌توانم قیمت چند تأمین‌کننده را مقایسه کنم؟
supplier , آیا هزینه بسته‌بندی توسط تأمین‌کننده دریافت می‌شود؟
supplier , تأمین‌کننده هتل برای خرید زیاد قرارداد بلندمدت دارد؟
supplier , آیا امکان تغییر تأمین‌کننده در صورت نارضایتی هست؟
supplier , حداقل سفارش از تأمین‌کننده چقدر است؟
supplier , آیا تأمین‌کننده هزینه انبارداری دریافت می‌کند؟
supplier , آیا تأمین‌کننده برای هتل‌ها قرارداد ویژه دارد؟
supplier , آیا لیستی از تأمین‌کنندگان معتبر برای رستوران هتل دارید؟
supplier , آیا تأمین‌کننده حمل و تحویل رایگان دارد؟
supplier , کیفیت مواد غذایی از تأمین‌کننده چگونه است؟
supplier , آیا تأمین‌کننده استانداردهای بهداشتی رعایت می‌کند؟
supplier , آیا تأمین‌کننده ضمانت کیفیت دارد؟
supplier , چطور می‌توان کیفیت کالاهای تأمین‌کننده هتل را ارزیابی کرد؟
supplier , آیا امکان دریافت نمونه کالا وجود دارد؟
supplier , آیا تأمین‌کننده کالاهای فاسدشدنی را با کیفیت تضمین می‌کند؟
supplier , بسته‌بندی کالای تأمین‌کننده استاندارد است؟
supplier , آیا تأمین‌کننده تجهیزات اتاق گواهی استاندارد دارد؟
supplier , آیا کیفیت محصولات هتل توسط تیم کنترل کیفیت بررسی شده است؟
supplier , چه معیارهایی برای انتخاب تأمین‌کننده هتل مناسب است؟
supplier , آیا تأمین‌کننده سابقه مشکل در کیفیت داشته است؟
supplier , گزارش کیفیت تأمین‌کننده را از کجا ببینم؟
supplier , تأمین‌کننده مواد غذایی تازه ارائه می‌دهد؟
supplier , شرایط نگهداری کالا در انبار تأمین‌کننده چگونه است؟
supplier , آیا تأمین‌کننده کالاهای جایگزین دارد؟
supplier , آیا امکان تعویض کالای خراب وجود دارد؟
supplier , تأمین‌کننده محصولات ارگانیک ارائه می‌دهد؟
supplier , آیا تأمین‌کننده کالای لوکس هتل دارد؟
supplier , آیا کنترل کیفیت دوره‌ای برای کالاهای هتل انجام می‌شود؟
supplier , آیا تأمین‌کننده سابقه نارضایتی مشتریان دارد؟
supplier , تأمین‌کننده نوشیدنی‌های بار هتل کیست؟
supplier , آیا تأمین‌کننده بیمه کیفیت ارائه می‌دهد؟
supplier , زمان تحویل کالای هتل توسط تأمین‌کننده چقدر است؟
supplier , آیا تأمین‌کننده ارسال فوری دارد؟
supplier , آیا تأمین‌کننده ارسال رایگان دارد؟
supplier , چگونه وضعیت ارسال کالا را پیگیری کنم؟
supplier ," اگر تأمین‌کننده تأخیر کند، چه کنیم؟"
supplier , آیا تأمین‌کننده ارسال به شعبه‌های هتل دارد؟
supplier , ارسال کالا توسط تأمین‌کننده انجام می‌شود یا شرکت حمل؟
supplier , امکان انتخاب روش ارسال وجود دارد؟
supplier , آیا تأمین‌کننده کالا را بیمه می‌کند؟
supplier , چگونه می‌توانم از اعتبار تأمین‌کننده هتل مطمئن شوم؟
supplier , مسئولیت کالا هنگام حمل با کیست؟
supplier , بسته‌بندی کالای حساس هتل مقاوم است؟
supplier , آیا ارسال کالا در ساعات غیر اداری امکان‌پذیر است؟
supplier , آیا حمل کالاهای حساس و شکستنی هتل توسط تأمین‌کننده انجام می‌شود؟
supplier , امکان ردیابی لحظه‌ای کالا توسط تأمین‌کننده وجود دارد؟
supplier , تأمین‌کننده ارسال بین‌المللی دارد؟
supplier , تحویل کالا در هتل به چه صورت انجام می‌شود؟
supplier , آیا امکان تحویل در همان روز وجود دارد؟
supplier , هزینه حمل کالا چقدر است؟
supplier , آیا تأمین‌کننده زمان‌بندی تحویل را رعایت می‌کند؟
supplier , تأمین‌کنندگان محلی برای لاندری هتل چه کسانی هستند؟
supplier , چه ساعتی تأمین‌کننده سفارش را تحویل می‌دهد؟
supplier , سابقه تأمین‌کننده در هتل‌ها چقدر است؟
supplier , آیا تأمین‌کننده خوش‌سابقه است؟
supplier , نظر مشتریان هتل درباره تأمین‌کننده چیست؟
supplier , امتیاز کیفیت تأمین‌کننده چقدر است؟
supplier , آیا تأمین‌کننده تجربه همکاری با هتل‌های ۵ ستاره دارد؟
supplier , آیا تأمین‌کننده شکایات زیادی داشته است؟
supplier , آیا قرارداد بلندمدت با تأمین‌کننده ممکن است؟
supplier , آیا تأمین‌کننده قابل اعتماد است؟
supplier , آیا تأمین‌کننده ظرفیت تأمین پایدار دارد؟
supplier , آیا تأمین‌کننده برای کالای سوئیت‌های VIP داریم؟
supplier , سابقه قطع همکاری تأمین‌کننده چگونه است؟
supplier , چگونه گزارش عملکرد تأمین‌کننده را دریافت کنم؟
supplier , آیا تأمین‌کننده برند معتبر دارد؟
supplier , سابقه مالی تأمین‌کننده چگونه است؟
supplier , آیا تنوع محصولات تأمین‌کننده کافی است؟
supplier , حجم فروش و عرضه تأمین‌کننده چقدر است؟
supplier , آیا تجهیزات لازم برای تأمین کالاها دارد؟
supplier , آیا از فناوری‌های جدید استفاده می‌کند؟
supplier , آیا امکان سفارش آنلاین وجود دارد؟
supplier , تأمین‌کننده تیم پشتیبانی حرفه‌ای دارد؟
reports,گزارش زنجیره تأمین هتل آماده است؟
reports,گزارش موجودی لوازم خانه‌داری هتل امروز چیست؟
reports,. گزارش خدمات جانبی هتل در دوره‌های گذشته چگونه است؟
reports,گزارش سفارشات VIP چه مقدار ثبت شده؟
reports,گزارش تحویل تجهیزات اتاق‌ها چگونه است؟
reports,گزارش تأمین محصولات رستوران برای وعده ناهار چیست؟
reports,گزارش ارسال کالا به شعبه‌های هتل چگونه ثبت می‌شود؟
reports,گزارش تاخیر در تحویل کالا توسط تأمین‌کننده چقدر است؟
reports,گزارش موجودی کالاهای فاسدشدنی چگونه است؟
reports,گزارش سطح انبار برای روز آینده چه مقدار است؟
reports,گزارش لوازم یک‌بارمصرف اتاق‌ها چگونه است؟
reports,گزارش مصرف مواد غذایی هفته گذشته چگونه ثبت شده؟
reports,گزارش تأمین‌کنندگان مواد غذایی هتل امروز چیست؟
reports,گزارش تأمین تجهیزات SPA برای هفته جاری چیست؟
reports,گزارش سفارشات هفته گذشته چگونه بوده؟
reports,گزارش تحویل کالا نسبت به برنامه چگونه است؟
reports,گزارش موجودی انبار برای هفته آینده کافی است؟
reports,گزارش عملکرد تأمین‌کنندگان مواد غذایی به هدف رسیده؟
reports,گزارش تأمین لوازم خانه‌داری در این ماه چگونه است؟
reports,گزارش تاخیر در تحویل نوشیدنی‌ها چگونه تحلیل می‌شود؟
reports,گزارش عملکرد حمل و نقل کالاها نسبت به هدف چگونه است؟
reports,گزارش کالاهای VIP در انبار کافی هستند؟
reports,گزارش سفارشات ویژه اتاق‌ها چگونه مدیریت شده؟
reports,چگونه می‌توان گزارش موجودی انبار را مشاهده کرد؟
reports,گزارش مصرف مواد غذایی فصلی چگونه بوده؟
reports,گزارش کالاهای یک‌بارمصرف اتاق‌ها به اندازه کافی است؟
reports,گزارش تجهیزات سالن کنفرانس چگونه ثبت شده؟
reports,گزارش خدمات SPA و تأمین تجهیزات آن چگونه تحلیل شده؟
reports,گزارش سفارشات لوازم رستوران چگونه ثبت شده؟
reports,گزارش عملکرد تأمین‌کنندگان خارجی چگونه است؟
reports,گزارش موجودی کالاهای سردخانه چیست؟
reports,گزارش موجودی نوشیدنی‌های الکلی در بار چگونه است؟
reports,گزارش تاخیر سفارشات به دلیل کمبود موجودی چگونه است؟
reports,گزارش سفارشات اضطراری چگونه ثبت شده؟
reports,گزارش سفارشات روزانه رستوران چه مقادیری دارد؟
reports,گزارش مدیریت سفارش‌ها برای تعطیلات چگونه است؟
reports,گزارش امروز با دیروز چه تفاوتی دارد؟
reports,گزارش ماه جاری با ماه گذشته چگونه است؟
reports,گزارش تحویل سفارشات با هدف برنامه مقایسه شده؟
reports,گزارش تأمین مواد غذایی با استاندارد هتل مقایسه شود.
reports,گزارش عملکرد حمل و نقل با هفته قبل چه تفاوتی دارد؟
reports,گزارش موجودی انبار با سطح ایمنی مقایسه شده؟
reports,گزارش سفارشات VIP نسبت به هدف ماهانه چگونه است؟
reports,گزارش موجودی نوشیدنی‌ها با هفته گذشته چه تفاوتی دارد؟
reports,گزارش تأمین‌کنندگان داخلی و خارجی چگونه مقایسه شده‌اند؟
reports,گزارش تحویل کالا توسط تأمین‌کننده‌ها چگونه است؟
reports,گزارش کالاهای فاسدشدنی نسبت به ماه قبل چگونه است؟
reports,گزارش عملکرد بار و رستوران نسبت به هدف چگونه است؟
reports,گزارش سفارشات خانه‌داری نسبت به استاندارد چگونه است؟
reports,گزارش تاخیر تحویل سفارشات با میانگین هتل‌های زنجیره مقایسه شده؟
reports,گزارش موجودی لوازم یک‌بارمصرف اتاق‌ها چگونه است؟
reports,گزارش سفارشات ویژه اتاق‌ها نسبت به ماه قبل چگونه تغییر کرده؟
reports,گزارش مصرف انرژی در زنجیره تأمین چگونه است؟
reports,گزارش تجهیزات فنی هتل نسبت به استاندارد صنعت چیست؟
reports,گزارش خدمات SPA با هدف تعریف شده چگونه است؟
reports,گزارش سفارشات لوازم پذیرایی اتاق‌ها نسبت به برنامه چه وضعیتی دارد؟
reports,گزارش مصرف ملحفه و حوله‌ها امروز چیست؟
reports,گزارش کل زنجیره تأمین هتل چگونه تحلیل می‌شود؟
reports,گزارش موجودی انبار مواد غذایی امروز چیست؟
reports,گزارش تحویل نوشیدنی‌ها چگونه است؟
reports,گزارش سفارشات رستوران برای هفته جاری چیست؟
reports,گزارش سفارشات VIP اتاق‌ها چگونه ثبت شده؟
reports,گزارش تجهیزات خانه‌داری برای امروز چیست؟
reports,گزارش ارسال کالاها به شعب هتل چگونه است؟
reports,گزارش خدمات SPA و لوازم مصرفی آن چیست؟
reports,گزارش موجودی ملحفه‌ها و حوله‌ها امروز چگونه است؟
reports,گزارش لوازم یک‌بارمصرف اتاق‌ها چیست؟
reports,گزارش موجودی نوشیدنی‌ها و مواد غذایی در انبار چیست؟
reports,گزارش تجهیزات سالن کنفرانس چگونه ثبت شده؟
reports,گزارش عملکرد حمل و نقل داخلی هتل چیست؟
reports,گزارش سفارشات فصلی رستوران چگونه مدیریت شده؟
reports,گزارش کالاهای VIP برای روز تعطیل کافی هستند؟
reports,گزارش مصرف مواد غذایی هفته گذشته چگونه بوده؟
reports,گزارش تأمین‌کنندگان خارجی هتل چگونه عمل کرده‌اند؟
reports,گزارش موجودی نوشیدنی‌های بار چه مقدار است؟
reports,گزارش سفارشات اضطراری اتاق‌ها چگونه مدیریت شد؟
reports,گزارش کالاهای فاسدشدنی چگونه کنترل شده؟
reports,گزارش خدمات جانبی و تجهیزات اتاق‌ها چیست؟
reports,گزارش حمل و نقل کالاها در هفته جاری آماده است؟
reports,گزارش عملکرد کل زنجیره تأمین امروز چیست؟
reports,گزارش ماهانه زنجیره تأمین آماده است؟
reports,گزارش سه‌ماهه موجودی انبار چیست؟
reports,گزارش شش‌ماهه سفارشات رستوران چگونه است؟
reports,گزارش سالانه تحویل کالاها چه مقادیری دارد؟
reports,گزارش ماه گذشته سفارشات VIP چگونه بوده؟
reports,گزارش فروش بار در سه ماه اخیر چگونه تغییر کرده؟
reports,گزارش تجهیزات خانه‌داری سال گذشته چقدر بود؟
reports,گزارش عملکرد حمل و نقل کالاها در دوره گذشته چگونه است؟
reports,گزارش موجودی کالاهای فاسدشدنی سه‌ماهه چگونه بوده؟
reports,گزارش زمان پاسخ‌دهی تأمین‌کنندگان چگونه است؟
reports,گزارش سفارشات ویژه اتاق‌ها در شش ماه گذشته چیست؟
reports,گزارش کل زنجیره تأمین در سال جاری چه وضعیتی دارد؟
reports,گزارش شکایات مهمانان مرتبط با تأمین کالا چگونه است؟
reports,گزارش رضایت مهمانان از موجودی اتاق‌ها چگونه بوده؟
reports,گزارش تجهیزات فنی هتل و نگهداری دوره‌ای چیست؟
reports,گزارش مصرف انرژی در زنجیره تأمین سه ماه گذشته چگونه است؟
reports,گزارش سفارشات رستوران در فصل گذشته چگونه ثبت شده؟
reports,گزارش عملکرد پرسنل خانه‌داری ماه گذشته چگونه بوده؟
reports,گزارش رزرو آنلاین و سفارشات مرتبط چگونه بوده؟
reports,گزارش فروش بسته‌های VIP در شش ماه گذشته چیست؟
warehouse, سیستم مدیریت انبار (WMS) چیست؟
warehouse, انبارداری برای شرکت‌های کوچک چه روش‌هایی دارد؟
warehouse, چگونه می‌توان گردش کالا در انبار را بهینه کرد؟
warehouse, انبارداری و انبارگردانی چه تفاوتی دارند؟
warehouse, نحوه گزارش‌گیری از موجودی انبار چگونه است؟
warehouse, انبارداری و مدیریت انبار چندلایه چه تفاوتی دارند؟
warehouse, انبارداری با RFID چگونه انجام می‌شود؟
warehouse, انبارداری و مدیریت لجستیک شهری چه ارتباطی دارند؟
warehouse, نحوه کنترل کیفیت کالاها در انبار چیست؟
warehouse, انبارداری و مدیریت فضا چه ارتباطی دارند؟
warehouse, انبارهای صنعتی چه ویژگی‌هایی دارند؟
warehouse, چگونه می‌توان موجودی انبار را کنترل کرد؟
warehouse, انبارداری برای مواد اولیه فاسد شدنی چگونه است؟
warehouse, نحوه مدیریت انبارهای چندگانه چگونه است؟
warehouse, انبارداری و مدیریت هزینه چه ارتباطی دارند؟
warehouse, انبارداری و مدیریت عملیات چه تفاوتی دارند؟
warehouse, انبارداری و مدیریت منابع انسانی چه ارتباطی دارند؟
warehouse, انبارداری و نرم‌افزار ERP چه تفاوتی دارند؟
warehouse, انبارداری در تجارت الکترونیک چه چالش‌هایی دارد؟
warehouse, چگونه می‌توان زمان جستجوی کالا در انبار را کاهش داد؟
warehouse, انبارداری و برنامه‌ریزی لجستیک چه ارتباطی دارند؟
warehouse, نحوه پیش‌بینی نیاز انبار چگونه است؟
warehouse, نرم‌افزارهای انبارداری کدامند؟
warehouse, انبارداری و مدیریت سفارشات چه ارتباطی دارند؟
warehouse, انبارداری و مدیریت موجودی چه تفاوتی دارند؟
warehouse, انبارداری و بسته‌بندی چه ارتباطی دارند؟
warehouse, انبارداری و مدیریت حمل‌ونقل چه ارتباطی دارند؟
warehouse, انبارداری و مدیریت مشتری چه ارتباطی دارند؟
warehouse, چگونه می‌توان انبارداری سبز را اجرا کرد؟
warehouse, انبارداری و مدیریت بحران چه ارتباطی دارند؟
warehouse, نحوه آموزش کارکنان انبار چگونه است؟
warehouse, انبارداری و مدیریت لجستیک بین‌المللی چه تفاوتی دارند؟
warehouse, چگونه می‌توان خطاهای ورود و خروج کالا را کاهش داد؟
warehouse, چگونه می‌توان انبار را بهینه کرد؟
warehouse, انبارداری و مدیریت ایمنی چه ارتباطی دارند؟
warehouse, انبارداری و نظارت بر کارکنان چه ارتباطی دارند؟
warehouse, انبارداری و مدیریت موجودی با تکنولوژی هوشمند چه تفاوتی دارند؟
warehouse, انبارداری و انبارداری خودکار چه تفاوتی دارند؟
warehouse, انبارداری و بهینه‌سازی هزینه‌ها چه ارتباطی دارند؟
warehouse, انبارداری و کنترل موجودی کالاهای حجیم چه تفاوتی دارند؟
warehouse, انبارداری و مدیریت فرآیندها چه ارتباطی دارند؟
warehouse, انبارداری و استانداردهای کیفیت چه ارتباطی دارند؟
warehouse, انبارداری و کاهش هدررفت چه ارتباطی دارند؟
warehouse, انبارداری و مدیریت فضای انبار چه ارتباطی دارند؟
warehouse, تجهیزات مورد نیاز برای انبار چیست؟
warehouse, انبارداری و مدیریت ریسک حمل‌ونقل چه ارتباطی دارند؟
warehouse, انبارداری و تکنیک‌های نوین چیدمان چه ارتباطی دارند؟
warehouse, انبارداری و سیستم‌های خودکار چه تفاوتی دارند؟
warehouse, انبارداری و مدیریت کالاهای خاص چه تفاوتی دارند؟
warehouse, انبارداری و مدیریت موجودی فاسد شدنی چه تفاوتی دارند؟
warehouse, انبارداری و مدیریت لجستیک داخلی چه ارتباطی دارند؟
warehouse, انبارداری و مدیریت لجستیک خارجی چه ارتباطی دارند؟
warehouse, انبارداری و مدیریت تامین‌کنندگان چه ارتباطی دارند؟
warehouse, انبارداری و مدیریت انبار دیجیتال چه تفاوتی دارند؟
warehouse, انبارداری و برنامه‌ریزی تولید چه ارتباطی دارند؟
warehouse, انبارداری لجستیک چه اهمیتی دارد؟
warehouse, انبارداری و مدیریت سفارشات فوری چه تفاوتی دارند؟
warehouse, انبارداری و برنامه‌ریزی موجودی چه ارتباطی دارند؟
warehouse, انبارداری و تحلیل داده‌ها چه تفاوتی دارند؟
warehouse, انبارداری و مدیریت لجستیک زنجیره‌ای چه تفاوتی دارند؟
warehouse, انبارداری و مدیریت موجودی بین‌المللی چه تفاوتی دارند؟
warehouse, انبارداری و نرم‌افزار مدیریت انبار چه تفاوتی دارند؟
warehouse, انبارداری و بهینه‌سازی عملیات چه ارتباطی دارند؟
warehouse, انبارداری و کاهش زمان تحویل چه ارتباطی دارند؟
warehouse, انبارداری و مدیریت ذخیره‌سازی چه ارتباطی دارند؟
warehouse, انبارداری و استانداردهای ایمنی چه ارتباطی دارند؟
warehouse, هزینه‌های نگهداری انبار چگونه محاسبه می‌شود؟
warehouse, انبارداری و کنترل دما چه تفاوتی دارند؟
warehouse, انبارداری و مدیریت رطوبت چه تفاوتی دارند؟
warehouse, انبارداری و مدیریت نور و تهویه چه ارتباطی دارند؟
warehouse, انبارداری و نگهداری کالاهای خطرناک چه تفاوتی دارند؟
warehouse, انبارداری و مدیریت بازدهی کارکنان چه ارتباطی دارند؟
warehouse, انبارداری و تحلیل موجودی چه ارتباطی دارند؟
warehouse, انبارداری و مدیریت فضای محدود چه تفاوتی دارند؟
warehouse, انبارداری و مدیریت لجستیک داخلی چه تفاوتی دارند؟
warehouse, انبارداری و مدیریت لجستیک خارجی چه تفاوتی دارند؟
warehouse, انبارداری و مدیریت کالاهای حساس چه تفاوتی دارند؟
warehouse, چگونه می‌توان امنیت انبار را افزایش داد؟
warehouse, انبارداری و کنترل کیفیت کالاهای وارداتی چه تفاوتی دارند؟
warehouse, انبارداری و استانداردهای بهداشتی چه ارتباطی دارند؟
warehouse, انبارداری و ایمنی کارکنان چه ارتباطی دارند؟
warehouse, انبارداری و مدیریت تجهیزات انبار چه ارتباطی دارند؟
warehouse, انبارداری و مدیریت مصرف انرژی چه ارتباطی دارند؟
warehouse, انبارداری و مدیریت ضایعات چه ارتباطی دارند؟
warehouse, انبارداری و مدیریت تحویل به موقع چه ارتباطی دارند؟
warehouse, انبارداری و مدیریت سفارشات آنلاین چه ارتباطی دارند؟
warehouse, انبارداری و برنامه‌ریزی لجستیک چه ارتباطی دارند؟
warehouse, انبارداری و مدیریت ریسک لجستیک چه ارتباطی دارند؟
warehouse, فرآیند ورود کالا به انبار چگونه است؟
warehouse, انبارداری و مدیریت فناوری اطلاعات چه ارتباطی دارند؟
warehouse, انبارداری و بهینه‌سازی جریان کالا چه ارتباطی دارند؟
warehouse, انبارداری و مدیریت زمان بارگیری چه تفاوتی دارند؟
warehouse, انبارداری و مدیریت قرارداد با تامین‌کنندگان چه تفاوتی دارند؟
warehouse, انبارداری و تحلیل هزینه‌ها چه ارتباطی دارند؟
warehouse, انبارداری و مدیریت ظرفیت چه ارتباطی دارند؟
warehouse, انبارداری و تحلیل عملکرد چه تفاوتی دارند؟
warehouse, انبارداری و مدیریت حمل‌ونقل درون شهری چه تفاوتی دارند؟
warehouse, انبارداری و مدیریت حمل‌ونقل برون شهری چه تفاوتی دارند؟
warehouse, انبارداری و مدیریت لجستیک چند کاناله چه تفاوتی دارند؟
warehouse, فرآیند خروج کالا از انبار چگونه است؟
warehouse, انبارداری و مدیریت جریان سفارش چه تفاوتی دارند؟
warehouse, انبارداری و تحلیل داده‌های لجستیک چه ارتباطی دارند؟
warehouse, انبارداری و مدیریت سیستم‌های خودکار چه ارتباطی دارند؟
warehouse, انبارداری و بهینه‌سازی موجودی چه تفاوتی دارند؟
warehouse, انبارداری و مدیریت لجستیک هوشمند چه تفاوتی دارند؟
warehouse, انبارداری و مدیریت سیستم‌های RFID چه تفاوتی دارند؟
warehouse, انبارداری و بهبود عملکرد کارکنان چه تفاوتی دارند؟
warehouse, انبارداری و سیستم‌های خودکار بسته‌بندی چه تفاوتی دارند؟
warehouse, انبارداری و مدیریت بازاریابی چه ارتباطی دارند؟
warehouse, انبارداری و کاهش هزینه‌های عملیاتی چه ارتباطی دارند؟
warehouse, انبارداری به چه معناست؟
warehouse, انبارهای خودکار چگونه کار می‌کنند؟
warehouse, انبارداری و آینده هوشمندسازی انبارها چگونه خواهد بود؟
warehouse, چگونه می‌توان خطاهای انبارداری را کاهش داد؟
warehouse, انبار هوشمند چیست؟
warehouse, چه تکنولوژی‌هایی در انبار استفاده می‌شوند؟
warehouse, انبارداری برای تجارت الکترونیک چگونه است؟
warehouse, انبار پوشاک چه شرایطی نیاز دارد؟
warehouse, انبار مواد غذایی چه ویژگی‌هایی دارد؟
warehouse, انبار مواد شیمیایی چه استانداردهایی دارد؟
warehouse, چگونه انبار را از رطوبت محافظت کنیم؟
warehouse, انبار لوازم یدکی خودرو چگونه مدیریت می‌شود؟
warehouse, انواع انبارها کدامند؟
warehouse, تفاوت انبار سنتی و مدرن چیست؟
warehouse, تفاوت انبار موقت و دائم چیست؟
warehouse, انبارداری در کسب‌وکار کوچک چگونه انجام می‌شود؟
warehouse, استانداردهای بین‌المللی انبارداری چیست؟
warehouse, ظرفیت انبار چگونه تعیین می‌شود؟
warehouse, انبارداری و حسابداری چه ارتباطی دارند؟
warehouse, چگونه می‌توان انبار را با حداقل هزینه اداره کرد؟
warehouse, انبار کالاهای حجیم چگونه مدیریت می‌شود؟
warehouse, انبارهای توزیع چه ویژگی‌هایی دارند؟
warehouse, انبار و لجستیک شهری چه تفاوتی دارند؟
warehouse, کاربرد انبار در تجارت چیست؟
warehouse, خطرات نگهداری نادرست کالا در انبار چیست؟
warehouse, چگونه می‌توان انبار را ضد حریق کرد؟
warehouse, چگونه می‌توان انبار را برای بازرسی آماده کرد؟
warehouse, انبارداری در صنایع غذایی چه چالش‌هایی دارد؟
warehouse, مدیریت انبار در صنعت داروسازی چگونه است؟
warehouse, چه کالاهایی باید در انبار ویژه نگهداری شوند؟
warehouse, چه افرادی برای مدیریت انبار مناسب هستند؟
warehouse, انبار سردخانه‌ای چه محدودیت‌هایی دارد؟
warehouse, انبارهای چندطبقه چگونه مدیریت می‌شوند؟
warehouse, چگونه می‌توان سیستم‌های هوشمند انبار را پیاده‌سازی کرد؟
warehouse, انبار مرکزی چیست؟
warehouse, انبارداری پایدار چه ویژگی‌هایی دارد؟
warehouse, چگونه انبار را برای فروشگاه آنلاین آماده کنیم؟
warehouse, روش‌های کاهش ضایعات در انبار چیست؟
warehouse, انبارداری و حمل‌ونقل چه ارتباطی دارند؟
warehouse, انبارداری دیجیتال چیست؟
warehouse, انبارهای خودران چگونه کار می‌کنند؟
warehouse, انبار موقت برای چه مواقعی استفاده می‌شود؟
warehouse, نحوه حسابداری موجودی انبار چگونه است؟
warehouse, انبار مواد خطرناک چه ویژگی‌هایی دارد؟
warehouse, چه معیارهایی برای ارزیابی عملکرد انبار وجود دارد؟
warehouse, انبار سردخانه‌ای چیست؟
warehouse, انبارداری در صنعت پوشاک چگونه است؟
warehouse, انبارهای بزرگ چگونه مدیریت می‌شوند؟
warehouse, انبارهای کوچک چه مزایایی دارند؟
warehouse, چگونه می‌توان بهره‌وری انبار را افزایش داد؟
warehouse, انبارداری در زنجیره تأمین چه اهمیتی دارد؟
warehouse, نحوه ثبت ورود و خروج کالا در انبار چیست؟
warehouse, انبارهای توزیع سریع چگونه کار می‌کنند؟
warehouse, انبارهای تخصصی چه کاربردی دارند؟
warehouse, انبارداری و مدیریت موجودی چه تفاوتی دارند؟
warehouse, چگونه می‌توان انبار را ضد سرقت کرد؟
warehouse, انبار مجازی چیست؟
warehouse, انبارداری در صنعت الکترونیک چه چالش‌هایی دارد؟
warehouse, انبارهای هوشمند چگونه با ربات‌ها کار می‌کنند؟
warehouse, انبارداری و لجستیک داخلی چه تفاوتی دارند؟
warehouse, انبار مواد اولیه در کارخانه‌ها چگونه مدیریت می‌شود؟
warehouse, چگونه می‌توان فضای انبار را بهینه کرد؟
warehouse, سیستم‌های ردیابی کالا در انبار چگونه کار می‌کنند؟
warehouse, انبارهای چندملیتی چه ویژگی‌هایی دارند؟
warehouse, انبارهای اتوماتیک چه مزایایی دارند؟
warehouse, انبارداری برای تجارت بین‌المللی چگونه است؟
warehouse, انبارداری در شرایط اضطراری چگونه انجام می‌شود؟
warehouse, چگونه می‌توان یک انبار مؤثر مدیریت کرد؟
warehouse, انبارهای موقت در پروژه‌های ساختمانی چه کاربردی دارند؟
warehouse, انبارداری و برنامه‌ریزی تولید چه ارتباطی دارند؟
warehouse, انبارداری با بارکد چگونه انجام می‌شود؟
warehouse, چه خطاهایی در انبارداری معمول است؟
warehouse, انبار و فروشگاه آنلاین چه ارتباطی دارند؟
warehouse, انبارداری و مدیریت سفارش چه ارتباطی دارند؟
warehouse, انبارداری و مدیریت لجستیک چه تفاوتی دارند؟
warehouse, انبارداری برای صنایع غذایی فاسد شدنی چگونه است؟
warehouse, انبارداری و کنترل کیفیت چه ارتباطی دارند؟
warehouse, چگونه می‌توان انبار را ضد رطوبت و گرما کرد؟
warehouse, بهترین روش چیدمان کالا در انبار چیست؟
warehouse, نحوه دسته‌بندی کالاها در انبار چیست؟
warehouse, چگونه می‌توان موجودی کالا را به‌صورت دقیق ثبت کرد؟
warehouse, انبارداری در فروشگاه‌های بزرگ چگونه است؟
warehouse, انبارداری برای کالاهای با ارزش چگونه انجام می‌شود؟
warehouse, انبارداری و مدیریت زنجیره تأمین چه ارتباطی دارند؟
warehouse, انبارداری و مدیریت لجستیک هوایی چه تفاوتی دارند؟
warehouse, انبارداری و مدیریت لجستیک دریایی چه تفاوتی دارند؟
warehouse, چگونه می‌توان فرآیندهای انبار را خودکار کرد؟
warehouse, انبارداری و مدیریت ریسک چه ارتباطی دارند؟
warehouse, انبارداری و تامین به موقع کالا چه اهمیتی دارد؟
cost_control, چگونه می‌توان هزینه‌های خرید هتل را کاهش داد؟
cost_control, چه شاخص‌هایی برای مدیریت هزینه خرید هتل وجود دارد؟
cost_control, بهترین روش برای کاهش هزینه خرید کالاهای مصرفی فصلی چیست؟
cost_control, استفاده از مواد قابل بازیافت چگونه هزینه را کاهش می‌دهد؟
cost_control, چگونه می‌توان هزینه خرید ظروف و تجهیزات آشپزخانه را کاهش داد؟
cost_control, کاهش هزینه خرید لوازم دکوری هتل چگونه ممکن است؟
cost_control, چه روش‌هایی برای کنترل هزینه مواد مصرفی اتاق‌های هتل وجود دارد؟
cost_control, چگونه می‌توان هزینه خرید لوازم رفاهی و ورزشی هتل را کاهش داد؟
cost_control, راهکارهای کاهش هزینه خرید لوازم اداری هتل چیست؟
cost_control, کاهش هزینه خرید لباس فرم کارکنان هتل چگونه ممکن است؟
cost_control, چگونه می‌توان مواد غذایی پرمصرف را بهینه خرید کرد؟
cost_control, روش‌های کاهش هزینه خرید لوازم بسته‌بندی و سرویس‌دهی چیست؟
cost_control, چگونه می‌توان هزینه خرید لوازم دکوراسیون هتل را کاهش داد؟
cost_control, چگونه می‌توان مواد مصرفی هتل را بر اساس میزان فروش پیش‌بینی کرد؟
cost_control, چه شیوه‌هایی برای کاهش هزینه خرید لوازم کافه و رستوران هتل وجود دارد؟
cost_control, چگونه می‌توان هزینه خرید نوشیدنی‌های الکلی و غیرالکلی را کاهش داد؟
cost_control, کاهش هزینه خرید مواد تمیزکننده و شوینده هتل چگونه ممکن است؟
cost_control, چه راهکارهایی برای کاهش هدررفت مواد در رستوران هتل وجود دارد؟
cost_control, چگونه می‌توان خرید لوازم بهداشتی اتاق‌ها را بهینه کرد؟
cost_control, کاهش هزینه خرید لوازم پذیرایی گروه‌های بزرگ چگونه امکان‌پذیر است؟
cost_control, چگونه می‌توان مواد اولیه حساس به دما را بهینه خرید کرد؟
cost_control, راهکارهای کاهش هزینه خرید لوازم پذیرایی مراسم و رویدادها چیست؟
cost_control, استفاده از تامین‌کننده‌های اقتصادی چگونه هزینه مواد را کاهش می‌دهد؟
cost_control, راهکارهای کنترل قیمت مواد اولیه فصلی هتل چیست؟
cost_control, چگونه می‌توان خرید مواد اولیه را به شکل اقتصادی و کم‌هدررفت انجام داد؟
cost_control, چگونه می‌توان قراردادهای خرید هتل را برای کاهش هزینه بهینه کرد؟
cost_control, راهکارهای مذاکره با تأمین‌کنندگان برای کاهش قیمت چیست؟
cost_control, چه نوع قراردادهایی برای کنترل هزینه در هتل بهتر است؟
cost_control, چگونه می‌توان تخفیف‌های بلندمدت از تأمین‌کنندگان گرفت؟
cost_control, روش‌های کاهش هزینه قراردادهای کوتاه‌مدت چیست؟
cost_control, چگونه می‌توان قراردادهای خرید هتل را با شاخص‌های کنترل هزینه لینک کرد؟
cost_control, چه نکاتی در قراردادها می‌تواند هزینه پنهان را کاهش دهد؟
cost_control, روش‌های کاهش هزینه فسخ یا تمدید قرارداد هتل چیست؟
cost_control, چگونه می‌توان شرایط پرداخت انعطاف‌پذیر برای کاهش فشار نقدینگی گرفت؟
cost_control, چگونه می‌توان فرآیند سفارش‌دهی هتل را بهینه کرد؟
cost_control, تاثیر حجم سفارش بر کاهش قیمت و هزینه هتل چیست؟
cost_control, چه روش‌هایی برای مدیریت قراردادهای خرید گروهی وجود دارد؟
cost_control, چگونه می‌توان قراردادهای چندساله با تأمین‌کننده بست تا هزینه کاهش یابد؟
cost_control, روش‌های کاهش هزینه قراردادهای تجهیزات فنی هتل چیست؟
cost_control, چگونه می‌توان قراردادهای خدماتی و نگهداری را بهینه کرد؟
cost_control, راهکارهای کاهش هزینه بیمه و قراردادهای تأمین‌کننده چیست؟
cost_control, چگونه می‌توان قراردادهای خرید هتل را با تحلیل هزینه و سود پیوند زد؟
cost_control, چه استراتژی‌هایی برای کاهش هزینه قراردادهای فصلی هتل وجود دارد؟
cost_control, چگونه می‌توان قراردادهای خرید لوازم آشپزخانه را کم‌هزینه بست؟
cost_control, روش‌های بهینه‌سازی قراردادهای مواد غذایی چیست؟
cost_control, بهترین روش‌های تحلیل هزینه‌های خرید هتل چیست؟
cost_control, چگونه می‌توان از تخفیف‌های تأمین‌کننده در قرارداد بهره برد؟
cost_control, چه روش‌هایی برای مدیریت قراردادهای بین‌المللی و کاهش هزینه وجود دارد؟
cost_control, چگونه می‌توان قراردادهای کوتاه‌مدت و بلندمدت را با هم مقایسه کرد؟
cost_control, راهکارهای کاهش هزینه فسخ قرارداد تأمین‌کننده چیست؟
cost_control, چگونه می‌توان قراردادها را بر اساس کیفیت و قیمت بهینه کرد؟
cost_control, روش‌های کاهش هزینه قراردادهای خرید لوازم اداری هتل چیست؟
cost_control, چگونه می‌توان قراردادهای خرید لوازم مصرفی اتاق‌ها را کنترل کرد؟
cost_control, استراتژی‌های کاهش هزینه قراردادهای تدارکات گروهی چیست؟
cost_control, چگونه می‌توان با قراردادهای انعطاف‌پذیر هزینه را کاهش داد؟
cost_control, چه شاخص‌هایی برای سنجش موفقیت کاهش هزینه قرارداد وجود دارد؟
cost_control, چگونه می‌توان هزینه‌های حمل و نقل مواد خریداری شده را کاهش داد؟
cost_control, چگونه می‌توان قراردادهای تامین‌کننده را برای صرفه‌جویی بلندمدت طراحی کرد؟
cost_control, چگونه می‌توان موجودی هتل را برای کاهش هزینه مدیریت کرد؟
cost_control, بهترین روش‌ها برای کاهش هدررفت انبار هتل چیست؟
cost_control, چگونه می‌توان موجودی مواد غذایی هتل را بهینه کرد؟
cost_control, راهکارهای کاهش هزینه نگهداری لوازم در انبار چیست؟
cost_control, کنترل موجودی لوازم مصرفی هتل چگونه به کاهش هزینه کمک می‌کند؟
cost_control, چگونه می‌توان از سیستم‌های مدیریت انبار برای کاهش هزینه استفاده کرد؟
cost_control, چه شاخص‌هایی برای کنترل موجودی و هزینه هتل وجود دارد؟
cost_control, روش‌های کاهش هزینه نگهداری مواد حساس به تاریخ مصرف چیست؟
cost_control, چگونه می‌توان مدیریت موجودی فصلی هتل را بهینه کرد؟
cost_control, چه استراتژی‌هایی برای خرید اقتصادی و کم‌هزینه هتل وجود دارد؟
cost_control, استفاده از نرم‌افزارهای پیش‌بینی نیاز خرید چگونه هزینه را کاهش می‌دهد؟
cost_control, چگونه می‌توان سفارشات انبار را با میزان اشغال هتل هماهنگ کرد؟
cost_control, روش‌های کاهش هزینه انبارداری لوازم آشپزخانه هتل چیست؟
cost_control, چگونه می‌توان انبارداری مواد بهداشتی را بهینه کرد؟
cost_control, کاهش هزینه نگهداری نوشیدنی‌ها و مواد غذایی چگونه ممکن است؟
cost_control, چه راهکارهایی برای کاهش هدررفت مواد در انبار هتل وجود دارد؟
cost_control, چگونه می‌توان موجودی لوازم یک‌بار مصرف را کنترل کرد؟
cost_control, روش‌های کاهش هزینه نگهداری تجهیزات فنی هتل چیست؟
cost_control, چگونه می‌توان موجودی اتاق‌ها را برای کاهش هزینه مدیریت کرد؟
cost_control, چه استراتژی‌هایی برای کاهش هزینه نگهداری لوازم رفاهی وجود دارد؟
cost_control, چگونه می‌توان از خریدهای غیرضروری جلوگیری کرد؟
cost_control, چگونه می‌توان از روش‌های FIFO و LIFO برای کنترل هزینه استفاده کرد؟
cost_control, راهکارهای کاهش هزینه نگهداری لباس فرم کارکنان چیست؟
cost_control, چگونه می‌توان سیستم‌های انبارداری خودکار هزینه‌ها را کاهش دهد؟
cost_control, چه روش‌هایی برای کنترل موجودی مواد حساس به دما وجود دارد؟
cost_control, چگونه می‌توان موجودی مواد اولیه را با تقویم رویدادهای هتل هماهنگ کرد؟
cost_control, استفاده از انبار مجازی برای کاهش هزینه‌ها چگونه است؟
cost_control, روش‌های کاهش هدررفت لوازم دکوری هتل چیست؟
cost_control, چگونه می‌توان موجودی لوازم کافه و رستوران هتل را بهینه کرد؟
cost_control, چه روش‌هایی برای پیش‌بینی نیازهای انبار بر اساس فصل وجود دارد؟
cost_control, چگونه می‌توان موجودی لوازم اداری را بهینه و کم‌هزینه نگه داشت؟
cost_control, روش‌های کاهش هزینه خرید لوازم یک‌بار مصرف چیست؟
cost_control, راهکارهای کاهش هزینه نگهداری مواد مصرفی مراسم و رویدادها چیست؟
cost_control, چگونه می‌توان فرآیند تدارکات هتل را با فناوری بهینه کرد؟
cost_control, استفاده از نرم‌افزارهای مدیریت خرید چگونه هزینه‌ها را کاهش می‌دهد؟
cost_control, چه ابزارهایی برای تحلیل هزینه تدارکات هتل مؤثر است؟
cost_control, چگونه می‌توان اتوماسیون خرید و سفارش‌دهی را برای کاهش هزینه اعمال کرد؟
cost_control, بهترین روش‌های دیجیتال برای کاهش هزینه مواد هتل چیست؟
cost_control, استفاده از سیستم‌های آنلاین سفارش چگونه هزینه را کاهش می‌دهد؟
cost_control, چه روش‌هایی برای بهینه‌سازی زنجیره تأمین هتل وجود دارد؟
cost_control, چگونه می‌توان با فناوری اطلاعات ارتباط با تأمین‌کننده را بهینه کرد؟
cost_control, کاهش هزینه حمل و نقل مواد با فناوری چگونه ممکن است؟
cost_control, چگونه می‌توان خرید مواد غذایی هتل را فصلی برنامه‌ریزی کرد؟
cost_control, استفاده از داده‌های تحلیلی برای پیش‌بینی نیاز خرید چگونه به کاهش هزینه کمک می‌کند؟
cost_control, چگونه می‌توان از اپلیکیشن‌های مقایسه قیمت برای کاهش هزینه خرید استفاده کرد؟
cost_control, بهترین روش‌های مدیریت سفارشات آنلاین و کاهش هزینه چیست؟
cost_control, استفاده از سیستم‌های ERP برای کنترل هزینه تدارکات چگونه است؟
cost_control," چگونه می‌توان با فناوری مدیریت موجودی، هزینه‌ها را کاهش داد؟"
cost_control, راهکارهای کاهش هزینه سفارشات اضطراری هتل چیست؟
cost_control, استفاده از هوش مصنوعی برای پیش‌بینی نیاز خرید چگونه هزینه را کاهش می‌دهد؟
cost_control, چگونه می‌توان از پلتفرم‌های تأمین‌کننده آنلاین برای کاهش هزینه بهره برد؟
cost_control, روش‌های کاهش هزینه سفارش‌های فصلی با فناوری چیست؟
cost_control," چگونه می‌توان با سیستم‌های دیجیتال، قراردادها و تخفیف‌ها را مدیریت کرد؟"
cost_control, بهترین روش‌های کنترل هزینه تدارکات هتل چیست؟
cost_control, بهترین روش برای پیش‌بینی نیازهای خرید هتل چیست؟
cost_control, راهکارهای استفاده از فناوری برای کاهش هزینه کل زنجیره تأمین هتل چیست؟
cost_control, چگونه می‌توان سفارشات خرید هتل را با تقویم رویدادها هماهنگ کرد؟
cost_control, کاهش هزینه خرید لوازم پذیرایی هتل چگونه ممکن است؟
cost_control, چه روش‌هایی برای کنترل خرید لوازم نوشیدنی هتل وجود دارد؟
cost_control, چگونه می‌توان از روش‌های مناقصه برای کاهش هزینه خرید استفاده کرد؟
cost_control, ابزارهای آنلاین برای کاهش هزینه خرید هتل کدامند؟
cost_control, چگونه می‌توان خریدهای بزرگ هتل را به اقساط تقسیم کرد؟
cost_control, چه روش‌هایی برای بهینه‌سازی خرید محصولات حساس به تاریخ مصرف وجود دارد؟
cost_control," چگونه می‌توان با برنامه‌ریزی دقیق خرید، هدررفت مواد را کاهش داد؟"
cost_control, بهترین شیوه‌های خرید مواد اولیه با کیفیت و هزینه کم چیست؟
cost_control, چگونه می‌توان سفارش‌های خرید هتل را بهینه‌سازی کرد؟
cost_control, چگونه می‌توان سفارشات خرید را با بودجه هتل هم‌تراز کرد؟
cost_control, چه استراتژی‌هایی برای کاهش هزینه خرید تجهیزات اداری هتل وجود دارد؟
cost_control, چگونه می‌توان هزینه خرید لباس فرم کارکنان را کاهش داد؟
cost_control, کاهش هزینه خرید لوازم ورزشی و رفاهی هتل چگونه ممکن است؟
cost_control, چه روش‌هایی برای مدیریت و کاهش هزینه خرید سوغاتی و هدایا وجود دارد؟
cost_control, چگونه می‌توان سفارشات خرید را از تأمین‌کنندگان متعدد بهینه کرد؟
cost_control, چه رویکردهایی برای مدیریت هزینه خرید در فصول اوج گردشگری وجود دارد؟
cost_control, چگونه می‌توان هزینه خرید لوازم فنی و تعمیراتی هتل را کاهش داد؟
cost_control, روش‌های کاهش هزینه خرید تجهیزات آشپزخانه صنعتی هتل چیست؟
cost_control," چگونه می‌توان با برنامه‌ریزی هفتگی خرید، هزینه‌ها را کنترل کرد؟"
cost_control, ابزارهای مؤثر برای مدیریت خرید هتل کدامند؟
cost_control, چه شاخص‌هایی برای بررسی موفقیت استراتژی‌های کاهش هزینه خرید وجود دارد؟
cost_control, چگونه بهترین تأمین‌کننده با کمترین هزینه را انتخاب کنیم؟
cost_control, چه معیارهایی برای ارزیابی هزینه و کیفیت تأمین‌کننده هتل مهم است؟
cost_control, چگونه می‌توان با تأمین‌کنندگان مذاکره کرد تا هزینه‌ها کاهش یابد؟
cost_control, روش‌های کاهش هزینه حمل و نقل از تأمین‌کننده به هتل چیست؟
cost_control, چه استراتژی‌هایی برای خرید گروهی و کاهش هزینه وجود دارد؟
cost_control, چگونه می‌توان تأمین‌کننده‌های چندگانه را برای کاهش ریسک و هزینه مدیریت کرد؟
cost_control, آیا انتخاب تأمین‌کننده محلی هزینه هتل را کاهش می‌دهد؟
cost_control, چگونه می‌توان قراردادهای خرید هتل را برای کنترل هزینه بهینه کرد؟
cost_control, تأثیر کیفیت مواد تأمین‌کننده بر هزینه نهایی هتل چیست؟
cost_control, چگونه می‌توان هزینه‌های مواد غذایی هتل را کاهش داد؟
cost_control, چگونه می‌توان از تخفیف‌ها و پیشنهادات تأمین‌کننده‌ها بهره برد؟
cost_control, چه روش‌هایی برای ارزیابی عملکرد تأمین‌کننده وجود دارد؟
cost_control, چگونه می‌توان هزینه حمل و نقل بین‌المللی مواد هتل را کاهش داد؟
cost_control, انتخاب تأمین‌کننده با شرایط پرداخت منعطف چگونه به کنترل هزینه کمک می‌کند؟
cost_control, چگونه می‌توان با تأمین‌کننده‌ها قراردادهای بلندمدت برای کاهش هزینه بست؟
cost_control, چه معیارهایی برای انتخاب تأمین‌کننده مواد غذایی وجود دارد؟
cost_control, چگونه می‌توان با تأمین‌کننده‌ها در زمان اوج تقاضا مذاکره کرد؟
cost_control, روش‌های کاهش هزینه تأمین‌کننده لوازم آشپزخانه هتل چیست؟
cost_control, چگونه می‌توان کیفیت مواد تأمین‌کننده را بدون افزایش هزینه حفظ کرد؟
cost_control, استراتژی‌های کاهش هزینه خرید از تأمین‌کنندگان خارجی چیست؟
cost_control, راهکارهای کاهش هزینه خرید لوازم مصرفی هتل چیست؟
cost_control, چگونه می‌توان از تخفیف‌های فصلی تأمین‌کننده برای کاهش هزینه بهره برد؟
cost_control, ارزیابی پیشنهادات چند تأمین‌کننده چگونه هزینه را کاهش می‌دهد؟
cost_control, چگونه می‌توان قرارداد خرید هتل را با شاخص‌های کلیدی هزینه مرتبط کرد؟
cost_control, چه روش‌هایی برای کاهش هزینه فسخ قرارداد تأمین‌کننده وجود دارد؟
cost_control, چگونه می‌توان با تأمین‌کننده‌ها همکاری بلندمدت برای صرفه‌جویی ایجاد کرد؟
cost_control, تاثیر تغییر تأمین‌کننده بر کاهش هزینه هتل چیست؟
cost_control, چگونه می‌توان با تأمین‌کننده‌های آنلاین هزینه خرید را کاهش داد؟
cost_control, روش‌های کاهش هزینه تأمین‌کننده لوازم آرایشی و بهداشتی هتل چیست؟
cost_control, چگونه می‌توان قیمت‌های رقابتی بین تأمین‌کنندگان را بررسی کرد؟
cost_control, استفاده از تأمین‌کننده‌های منطقه‌ای چگونه هزینه‌ها را کاهش می‌دهد؟
cost_control, چگونه می‌توان بودجه تدارکات هتل را کنترل کرد؟
cost_control, چگونه می‌توان ریسک افزایش قیمت مواد را مدیریت کرد؟
cost_control, استراتژی‌های کاهش هزینه خرید به صورت مستقیم از کارخانه چیست؟
cost_control, چگونه می‌توان از تخفیف‌های عمده‌فروشی برای کاهش هزینه بهره برد؟
cost_control, روش‌های کاهش هزینه تأمین‌کننده تجهیزات فنی هتل چیست؟
cost_control, چگونه می‌توان تأمین‌کننده‌ها را برای ارائه خدمات پس از فروش ارزان‌تر انتخاب کرد؟
cost_control, چه شاخص‌هایی برای اندازه‌گیری اثربخشی تأمین‌کننده وجود دارد؟
cost_control, چگونه می‌توان تأمین‌کننده‌های جایگزین برای کاهش هزینه پیدا کرد؟
cost_control, چه استراتژی‌هایی برای کنترل هزینه‌های لجستیکی وجود دارد؟
cost_control, استفاده از فناوری برای کاهش هزینه تأمین‌کننده چگونه است؟
cost_control, چگونه می‌توان قراردادهای چندساله با تأمین‌کننده برای کاهش قیمت بست؟
cost_control, روش‌های کاهش هزینه‌های خرید تجهیزات آشپزخانه هتل چیست؟
cost_control, روش‌های مقایسه قیمت و کیفیت تأمین‌کننده برای کاهش هزینه چیست؟
cost_control, چگونه می‌توان هزینه مواد اولیه هتل را کاهش داد؟
cost_control, راهکارهای کاهش هدررفت غذا در هتل چیست؟
cost_control, چه روش‌هایی برای کاهش هزینه نوشیدنی و لوازم پذیرایی وجود دارد؟
cost_control, چگونه می‌توان هزینه لوازم آرایشی و بهداشتی هتل را کنترل کرد؟
cost_control, کاهش هزینه لوازم یک‌بار مصرف هتل چگونه امکان‌پذیر است؟
cost_control, چه استراتژی‌هایی برای خرید عمده و کاهش هزینه‌ها وجود دارد؟
cost_control, چگونه می‌توان هزینه مواد شوینده و نظافتی هتل را کاهش داد؟
cost_control, روش‌های بهینه‌سازی موجودی انبار هتل برای کاهش هزینه چیست؟
cost_control, چگونه می‌توان هزینه بسته‌بندی و حمل و نقل مواد خریداری شده را کاهش داد؟
cost_control, چگونه می‌توان هزینه‌های خرید لوازم نظافتی هتل را کاهش داد؟
cost_control, استفاده از جایگزین‌های ارزان‌تر مواد اولیه چگونه به کاهش هزینه کمک می‌کند؟
cost_control, کاهش هزینه مواد غذایی با برنامه‌ریزی منو چگونه امکان‌پذیر است؟
cost_control, چه روش‌هایی برای کاهش هدررفت مواد مصرفی در آشپزخانه هتل وجود دارد؟
cost_control, چگونه می‌توان مواد اولیه را بر اساس فصل خریداری کرد تا هزینه کاهش یابد؟
cost_control, راهکارهای کاهش هزینه خرید سبزیجات و میوه‌های هتل چیست؟
cost_control, کاهش هزینه گوشت و پروتئین هتل چگونه ممکن است؟
cost_control, چه استراتژی‌هایی برای کنترل قیمت نوشیدنی‌ها وجود دارد؟
cost_control, چگونه می‌توان از مواد اولیه باقی‌مانده برای کاهش هزینه استفاده کرد؟
cost_control, راهکارهای کاهش هزینه خرید لوازم پذیرایی اتاق‌ها چیست؟
cost_control, چگونه می‌توان خرید مواد مصرفی را بر اساس میزان اشغال هتل تنظیم کرد؟
inventory, آیا موجودی بالش‌های اضافی کافی است؟
inventory, چه کالایی بیشترین ریسک کمبود را دارد؟
inventory, چه کالایی باید همین امروز سفارش داده شود؟
inventory, موجودی کالاهای مصرفی اتاق‌ها را چگونه شارژ کنیم؟
inventory, چه تعداد ملحفه باید برای هفته آینده سفارش دهیم؟
inventory, آیا نوشیدنی‌ها برای مهمانان کافی هستند یا سفارش لازم است؟
inventory, تعداد حوله‌های مصرفی امروز چقدر است؟
inventory, موجودی مینی‌بار چقدر است و چه میزان باید سفارش دهیم؟
inventory, صابون و شامپو برای ماه آینده کافی هستند؟
inventory, موجودی بطری‌های آب کافی است یا باید خرید؟
inventory, تنقلات مینی‌بار به چه تعداد سفارش داده شود؟
inventory, تعداد کیسه رخت چرک موجود در انبار چیست؟
inventory, موجودی پتوهای اضافی برای شب آینده کافی است؟
inventory, چه تعداد دستمال کاغذی نیاز است؟
inventory, موجودی تجهیزات خانه‌داری چگونه سفارش داده شود؟
inventory, آیا لوازم SPA باید دوباره سفارش شود؟
inventory, تعداد لوازم پذیرایی اتاق‌ها کافی است؟
inventory, موجودی کالای سالن کنفرانس به اتمام نزدیک است؟
inventory, موجودی کالاهای VIP کافی است؟
inventory, موجودی رستوران برای وعده ناهار چگونه تامین شود؟
inventory, موجودی صبحانه فردا کافی است؟
inventory, چه کالاهایی باید به صورت اضطراری سفارش شوند؟
inventory, موجودی دستگاه‌های اتاق برای مهمانان کافی است؟
inventory, موجودی نوشیدنی‌های بار برای تعطیلات چگونه مدیریت شود؟
inventory, چگونه می‌توان گزارش موجودی تهیه کرد؟
inventory, موجودی کالاهای اتاق‌ها امروز چقدر است؟
inventory, چه کسی موجودی انبار را کنترل کرده؟
inventory, موجودی کالاهای فاسدشدنی چگونه ثبت می‌شود؟
inventory, آیا موجودی کالاهای حساس به دما بررسی شده؟
inventory, گزارش موجودی هفته گذشته آماده است؟
inventory, موجودی لوازم خانه‌داری امروز ثبت شده؟
inventory, موجودی نوشیدنی‌ها به‌روز است؟
inventory, موجودی مینی‌بار اتاق‌های VIP بررسی شده؟
inventory, آیا موجودی لوازم پذیرایی صبحانه کامل است؟
inventory, موجودی پتو و بالش برای ماه آینده چقدر است؟
inventory, موجودی شامپو و صابون اتاق‌ها ثبت شده؟
inventory, موجودی لوازم پذیرایی اتاق‌ها کامل است؟
inventory, موجودی بطری‌های آب کنترل شده؟
inventory, موجودی تنقلات مینی‌بار به‌روز است؟
inventory, موجودی لوازم سالن کنفرانس بررسی شده؟
inventory, موجودی کالاهای SPA گزارش شده است؟
inventory, موجودی ملزومات یک‌بارمصرف اتاق‌ها ثبت شده؟
inventory, موجودی تجهیزات آشپزخانه هتل کنترل شده؟
inventory, موجودی لوازم خانه‌داری برای روز تعطیل ثبت شده؟
inventory, تعداد بسته‌های پذیرایی اتاق‌ها چقدر است؟
inventory, گزارش موجودی کالاهای VIP آماده است؟
inventory, موجودی کالاها بر اساس نوع دسته‌بندی شده؟
inventory, موجودی نوشیدنی‌ها بر اساس برند چیست؟
inventory, موجودی حوله‌ها بر اساس اندازه ثبت شده؟
inventory, موجودی شامپو و صابون بر اساس برند و نوع چقدر است؟
inventory, موجودی مینی‌بار بر اساس اتاق‌ها ثبت شده؟
inventory, موجودی پتوها بر اساس کیفیت تقسیم‌بندی شده؟
inventory, موجودی تنقلات بر اساس نوع بسته‌بندی چیست؟
inventory, موجودی لوازم پذیرایی اتاق‌ها بر اساس تعداد ثبت شده؟
inventory, موجودی تجهیزات سالن کنفرانس چگونه دسته‌بندی شده؟
inventory, موجودی لوازم خانه‌داری برای روز آینده چقدر است؟
inventory, موجودی کالاهای SPA بر اساس نوع تقسیم‌بندی شده؟
inventory, موجودی کالاهای فصلی چگونه ردیابی می‌شود؟
inventory, موجودی لوازم یک‌بارمصرف بر اساس طبقه هتل چیست؟
inventory, موجودی کالاهای VIP بر اساس نوع تقسیم‌بندی شده؟
inventory, موجودی نوشیدنی‌ها در بار بر اساس برند ثبت شده؟
inventory, موجودی تجهیزات آشپزخانه بر اساس بخش‌ها چیست؟
inventory, موجودی کالاهای مصرفی اتاق‌های کنفرانس چگونه است؟
inventory, موجودی کالاها را چگونه بروزرسانی کنیم؟
inventory, موجودی کالاها در نرم‌افزار هتل ثبت شده؟
inventory, موجودی کالاها چگونه بین انبارهای مختلف هتل تقسیم شده؟
inventory, موجودی تجهیزات سالن کنفرانس هتل کافی است؟
inventory, موجودی کالاهای کم‌مصرف چگونه مدیریت شود؟
inventory, موجودی کالاهای پرمصرف هتل چگونه پیش‌بینی شود؟
inventory, موجودی مواد غذایی فاسدشدنی چگونه کنترل شود؟
inventory, موجودی نوشیدنی‌های الکلی چگونه ردیابی شود؟
inventory, موجودی کالاهای تازه رستوران چطور مدیریت شود؟
inventory, موجودی کالاهای اتاق VIP چگونه کنترل شود؟
inventory, موجودی کالاهای یک‌بارمصرف به چه صورت شارژ شود؟
inventory, موجودی تجهیزات SPA چگونه ثبت شود؟
inventory, موجودی لوازم خانه‌داری برای هر بخش چگونه تقسیم شود؟
inventory, موجودی کالاهای مینی‌بار بر اساس مصرف روزانه چیست؟
inventory, موجودی وسایل SPA هتل چقدر است؟
inventory, موجودی کالاهای بار برای مهمانان ویژه چگونه مدیریت شود؟
inventory, موجودی کالای مراسم خاص چگونه کنترل شود؟
inventory, موجودی کالاهای تبلیغاتی هتل چگونه ثبت شود؟
inventory, موجودی لوازم بسته‌بندی اتاق‌ها چگونه ردیابی شود؟
inventory, موجودی نوشیدنی‌های سرد و گرم چگونه کنترل شود؟
inventory, موجودی ملزومات آشپزخانه بر اساس تاریخ انقضا چیست؟
inventory, موجودی کالای سوئیت‌های VIP چگونه ردیابی شود؟
inventory, موجودی تجهیزات خانه‌داری چگونه به‌روز شود؟
inventory, موجودی کالاهای کم‌یاب چگونه تامین شود؟
inventory, موجودی کالاهای پرفروش هتل چگونه مدیریت شود؟
inventory, تعداد بطری‌های نوشیدنی در بار چقدر است؟
inventory, موجودی کالاهای سرویس غذا چگونه ردیابی شود؟
inventory, موجودی کالاهای بسته‌بندی برای مهمانان چگونه کنترل شود؟
inventory, موجودی ملزومات کنفرانس چگونه ثبت شود؟
inventory, موجودی لوازم پذیرایی میهمانان چگونه کنترل شود؟
inventory, موجودی تجهیزات سالن ورزش چگونه مدیریت شود؟
inventory, موجودی کالاهای مصرفی رستوران برای هفته بعد چگونه پیش‌بینی شود؟
inventory, موجودی لوازم اتاق‌ها چگونه شارژ شود؟
inventory, موجودی کالاهای VIP چگونه تقسیم‌بندی شود؟
inventory, موجودی نوشیدنی‌ها در بار چگونه ثبت شود؟
inventory, موجودی تنقلات اتاق‌ها چگونه کنترل شود؟
inventory, موجودی تنقلات مینی‌بار برای هفته جاری چیست؟
inventory, موجودی پتو و بالش‌ها چگونه بروزرسانی شود؟
inventory, موجودی حوله‌های استخر چگونه مدیریت شود؟
inventory, موجودی کالاهای یک‌بارمصرف رستوران چگونه ردیابی شود؟
inventory, موجودی مواد غذایی فاسدشدنی هتل چگونه کنترل شود؟
inventory, موجودی تجهیزات آشپزخانه چگونه ردیابی شود؟
inventory, موجودی کالاهای مینی‌بار برای تعطیلات چگونه پیش‌بینی شود؟
inventory, موجودی لوازم پذیرایی ویژه مراسم چگونه مدیریت شود؟
inventory, موجودی کالاهای خانه‌داری برای روزهای شلوغ چگونه کنترل شود؟
inventory, موجودی نوشیدنی‌های VIP چگونه ثبت شود؟
inventory, موجودی تجهیزات SPA برای مهمانان ویژه چگونه بروزرسانی شود؟
inventory, تعداد حوله‌های موجود در انبار چقدر است؟
inventory, آیا موجودی دستمال کاغذی کافی است؟
inventory, موجودی کلی هتل چگونه به‌صورت دقیق و لحظه‌ای ثبت شود؟
inventory, چه کالایی در انبار هتل کم شده؟
inventory, چه کالاهایی نیاز به سفارش مجدد دارند؟
inventory, آیا ملحفه‌ها برای هفته آینده کافی هستند؟
inventory, موجودی نوشیدنی‌ها کم است یا کافی؟
inventory, چه مقدار صابون و شامپو باید سفارش دهیم؟
inventory, آیا حوله‌ها برای ماه آینده کافی هستند؟
inventory, موجودی مواد غذایی در رستوران کافی است؟
inventory, چه کالاهایی در انبار نیاز به جایگزینی دارند؟
inventory, آیا باید برای مینی‌بار کالا سفارش دهیم؟
inventory, موجودی نوشیدنی‌های بار چه تعداد است؟
inventory, موجودی پتوهای اضافه کم شده است؟
inventory, چه میزان کیسه رخت چرک باید خریداری شود؟
inventory, موجودی دستگاه‌های اتاق کافی است؟
inventory, آیا برای لوازم پذیرایی اتاق نیاز به سفارش داریم؟
inventory, موجودی بطری‌های آب هتل کم شده؟
inventory, آیا کالاهای خانه‌داری نیاز به تکمیل دارند؟
inventory, تعداد لوازم سالن کنفرانس کافی است؟
inventory, آیا تجهیزات SPA برای مهمانان کافی هستند؟
inventory, چه میزان نوشیدنی برای بار باید سفارش شود؟
inventory, موجودی تنقلات مینی‌بار به اتمام نزدیک است؟
inventory, آیا موجودی ملحفه کافی است؟
inventory, آیا دستمال کاغذی انبار کافی است؟
inventory, موجودی کالاها را چگونه ثبت کنیم؟
inventory, موجودی انبار امروز چه تعداد است؟
inventory, چه کسی موجودی انبار را بررسی کرده است؟
inventory, گزارش موجودی هفته گذشته را می‌توان دید؟
inventory, موجودی کالاهای مصرفی اتاق‌ها ثبت شده است؟
inventory, چه کالاهایی اخیراً وارد انبار شده‌اند؟
inventory, تعداد کالاهای خروجی از انبار چقدر است؟
inventory, موجودی کالاهای مرجوعی چگونه ثبت می‌شود؟
inventory, چه کالایی نیاز به پیگیری دارد؟
inventory, موجودی صابون و شامپو اتاق‌ها چقدر است؟
inventory, موجودی انبار مرکزی هتل چقدر است؟
inventory, آیا موجودی کالای فاسدشدنی ثبت شده؟
inventory, موجودی کالا در سردخانه چقدر است؟
inventory, موجودی کالاهای حساس به دما ثبت شده؟
inventory, آیا گزارش کمبود کالا ارسال شده است؟
inventory, موجودی کالاهای بسته‌بندی شده چقدر است؟
inventory, موجودی لوازم یک‌بارمصرف اتاق‌ها ثبت شده؟
inventory, موجودی ملزومات VIP در انبار چیست؟
inventory, موجودی کالای مصرفی بخش رستوران چگونه است؟
inventory, چه تعداد کالا در انبار برای مراسم آماده شده است؟
inventory, موجودی مینی‌بار هر اتاق چقدر است؟
inventory, آیا موجودی کالاهای فصلی کافی است؟
inventory, موجودی کالاها بر اساس نوع دسته‌بندی شده؟
inventory, موجودی مواد غذایی گرم و سرد را جدا کنیم؟
inventory, موجودی نوشیدنی‌ها بر اساس نوع چه تعداد است؟
inventory, موجودی حوله‌ها بر اساس اتاق‌ها ثبت شده؟
inventory, موجودی شامپو و صابون بر اساس برند چیست؟
inventory, موجودی مینی‌بار بر اساس اتاق تقسیم‌بندی شده؟
inventory, موجودی بطری‌های آب بر اساس اندازه چیست؟
inventory, موجودی تنقلات بر اساس نوع بسته‌بندی چقدر است؟
inventory, موجودی ملحفه‌ها بر اساس کیفیت و رنگ چگونه است؟
inventory, چه مقدار آب معدنی در انبار موجود است؟
inventory, موجودی کالاهای مصرفی رستوران بر اساس نوع ثبت شده؟
inventory, موجودی تجهیزات سالن کنفرانس بر اساس بخش‌ها چیست؟
inventory, موجودی کالاهای SPA بر اساس نوع و کاربرد چگونه است؟
inventory, موجودی کالاهای یک‌بارمصرف بر اساس طبقه هتل چیست؟
inventory, موجودی لوازم خانه‌داری بر اساس بخش‌ها ثبت شده؟
inventory, موجودی پتو و بالش بر اساس اندازه چقدر است؟
inventory, موجودی دستمال کاغذی بر اساس تعداد بسته‌ها چیست؟
inventory, موجودی کالاهای VIP بر اساس نوع تقسیم‌بندی شده؟
inventory, موجودی نوشیدنی‌ها در بار بر اساس برند ثبت شده؟
inventory, موجودی تجهیزات آشپزخانه هتل چگونه است؟
inventory, موجودی لوازم یک‌بارمصرف رستوران کافی است؟
inventory, موجودی کالاهای مصرفی اتاق‌های کنفرانس چیست؟
inventory, موجودی کدام کالاها در معرض کمبود است؟
inventory," اگر موجودی نوشیدنی کم شود، چه کنیم؟"
inventory, چه زمانی باید ملحفه‌ها دوباره سفارش دهیم؟
inventory, آیا موجودی صابون و شامپو کافی است یا کم؟
inventory, چه تعداد حوله باید ذخیره شود تا کمبود پیش نیاید؟
inventory, موجودی مینی‌بار کم است؟
inventory, آیا موجودی بطری‌های آب برای مهمانان کافی است؟
inventory, چه مقدار پتو باید در انبار ذخیره شود؟
inventory, موجودی تجهیزات سالن کنفرانس به اتمام نزدیک است؟
inventory, موجودی پتوهای اضافی در انبار چقدر است؟
inventory, آیا موجودی کالاهای فصلی کافی است؟
inventory, چه کالاهایی بیشترین مصرف را در هفته گذشته داشته‌اند؟
inventory, چگونه می‌توان پیش‌بینی موجودی برای ماه آینده داشت؟
inventory, آیا موجودی کالای رستوران برای مراسم خاص کافی است؟
inventory, موجودی کالاهای مصرفی VIP کم است؟
inventory, موجودی لوازم خانه‌داری برای روز تعطیل کافی است؟
inventory, چه کالاهایی باید اضطراری سفارش داده شوند؟
inventory, موجودی مواد غذایی در انبار چه مقدار ایمن است؟
inventory, موجودی کالاهای بار برای تعطیلات کافی است؟
inventory, چگونه می‌توان کمبود احتمالی کالا را پیش‌بینی کرد؟
